<?xml version="1.0" encoding="UTF-8"?>
<Configuration status="warn" monitorInterval="60" shutdownHook="disable">
  <Appenders>

    <Console name="Console" target="SYSTEM_OUT">
      <PatternLayout>
        <Pattern>%-5p [%t] [%c{1}] %m%n</Pattern>
      </PatternLayout>
    </Console>

    <JmxLogAppender name="JmxLogAppender" lines="200" errors="100">
      <PatternLayout>
        <Pattern>%d{ISO8601} %-5p [%t] [%c{1}] %m%n</Pattern>
      </PatternLayout>
      <filters>
        <ThresholdFilter level="trace"/>
      </filters>
    </JmxLogAppender>

    <RollingFile name="RollingFile" fileName="logs/adapter.log" filePattern="logs/adapter.log.%i">
      <PatternLayout>
        <Pattern>%d{ISO8601} %-5p [%t] [%c.%M()] %m%n</Pattern>
      </PatternLayout>
      <Policies>
        <OnStartupTriggeringPolicy />
        <!-- <TimeBasedTriggeringPolicy /> -->
        <SizeBasedTriggeringPolicy size="10 MB"/>
      </Policies>
      <!-- fileIndex == min means that .1 is always the "newest" of the rolled-over files -->
      <DefaultRolloverStrategy max="9" fileIndex="min"/>
    </RollingFile>
  </Appenders>
  <Loggers>

    <Logger name="org" level="WARN"/>
    <Logger name="io" level="WARN"/>
    <Logger name="com" level="WARN"/>
    <Logger name="net" level="WARN"/>
    <Logger name="jndi" level="WARN"/>
    <Logger name="java.sql.DatabaseMetadata" level="WARN"/>
    <Logger name="org.eclipse.jetty" level="WARN"/>
    <Logger name="org.hibernate.cache" level="WARN"/>
    <Logger name="org.springframework.aop.framework.CglibAopProxy" level="ERROR"/>
    <Logger name="org.hibernate.cache.EhCacheProvider" level="ERROR"/>
    <Logger name="com.mchange.v2.resourcepool.BasicResourcePool" level="ERROR"/>
    <Logger name="com.sun.jersey" level="ERROR"/>
    <Logger name="com.adaptris" level="TRACE"/>
    <Logger name="com.adaptris.hub.dao" level="DEBUG"/>
    <Logger name="com.adaptris.naming" level="INFO"/>
    <Logger name="com.adaptris.transform.ff.Handler" level="INFO"/>
    <Logger name="com.adaptris.core.jms.MetadataHandler" level="DEBUG"/>
    <Logger name="com.adaptris.adaptergui" level="WARN"/>
    <Logger name="com.adaptris.core.marshaller.xstream" level="WARN"/>
    <Logger name="com.adaptris.adaptergui.util.ObjectConverter" level="FATAL"/>
    <Logger name="com.adaptris.adaptergui.util.ClassUtils" level="FATAL"/>

    <Root level="TRACE">
      <AppenderRef ref="JmxLogAppender"/>
      <AppenderRef ref="RollingFile"/>
    </Root>
  </Loggers>
</Configuration>